ui_id,electrical_id,field,module,label,column_1based,row_1based,x_mm,y_mm,component_record,status
J:O1.1V,O1.1V,jacks,O1,1V/OCT,1,1,14.5,29.0,qingpu-wqp518ma,PRE-CAD REVIEW ONLY
J:O1.FM,O1.FM,jacks,O1,FM,1,2,14.5,43.0,qingpu-wqp518ma,PRE-CAD REVIEW ONLY
J:O1.PWM,O1.PWM,jacks,O1,PWM,1,3,14.5,57.0,qingpu-wqp518ma,PRE-CAD REVIEW ONLY
J:O1.SYNC,O1.SYNC,jacks,O1,SYNC CV,1,4,14.5,71.0,qingpu-wqp518ma,PRE-CAD REVIEW ONLY
J:O1.SIN,O1.SIN,jacks,O1,SIN,1,5,14.5,85.0,qingpu-wqp518ma,PRE-CAD REVIEW ONLY
J:O1.TRI,O1.TRI,jacks,O1,TRI,1,6,14.5,99.0,qingpu-wqp518ma,PRE-CAD REVIEW ONLY
J:O1.SAW,O1.SAW,jacks,O1,SAW,1,7,14.5,113.0,qingpu-wqp518ma,PRE-CAD REVIEW ONLY
J:O1.PUL,O1.PUL,jacks,O1,PUL,1,8,14.5,127.0,qingpu-wqp518ma,PRE-CAD REVIEW ONLY
J:O2.1V,O2.1V,jacks,O2,1V/OCT,2,1,31.5,29.0,qingpu-wqp518ma,PRE-CAD REVIEW ONLY
J:O2.FM,O2.FM,jacks,O2,FM,2,2,31.5,43.0,qingpu-wqp518ma,PRE-CAD REVIEW ONLY
J:O2.PWM,O2.PWM,jacks,O2,PWM,2,3,31.5,57.0,qingpu-wqp518ma,PRE-CAD REVIEW ONLY
J:O2.SYNC,O2.SYNC,jacks,O2,SYNC CV,2,4,31.5,71.0,qingpu-wqp518ma,PRE-CAD REVIEW ONLY
J:O2.SIN,O2.SIN,jacks,O2,SIN,2,5,31.5,85.0,qingpu-wqp518ma,PRE-CAD REVIEW ONLY
J:O2.TRI,O2.TRI,jacks,O2,TRI,2,6,31.5,99.0,qingpu-wqp518ma,PRE-CAD REVIEW ONLY
J:O2.SAW,O2.SAW,jacks,O2,SAW,2,7,31.5,113.0,qingpu-wqp518ma,PRE-CAD REVIEW ONLY
J:O2.PUL,O2.PUL,jacks,O2,PUL,2,8,31.5,127.0,qingpu-wqp518ma,PRE-CAD REVIEW ONLY
J:O3.1V,O3.1V,jacks,O3,1V/OCT,3,1,48.5,29.0,qingpu-wqp518ma,PRE-CAD REVIEW ONLY
J:O3.FM,O3.FM,jacks,O3,FM,3,2,48.5,43.0,qingpu-wqp518ma,PRE-CAD REVIEW ONLY
J:O3.PWM,O3.PWM,jacks,O3,PWM,3,3,48.5,57.0,qingpu-wqp518ma,PRE-CAD REVIEW ONLY
J:O3.SYNC,O3.SYNC,jacks,O3,SYNC CV,3,4,48.5,71.0,qingpu-wqp518ma,PRE-CAD REVIEW ONLY
J:O3.SIN,O3.SIN,jacks,O3,SIN,3,5,48.5,85.0,qingpu-wqp518ma,PRE-CAD REVIEW ONLY
J:O3.TRI,O3.TRI,jacks,O3,TRI,3,6,48.5,99.0,qingpu-wqp518ma,PRE-CAD REVIEW ONLY
J:O3.SAW,O3.SAW,jacks,O3,SAW,3,7,48.5,113.0,qingpu-wqp518ma,PRE-CAD REVIEW ONLY
J:O3.PUL,O3.PUL,jacks,O3,PUL,3,8,48.5,127.0,qingpu-wqp518ma,PRE-CAD REVIEW ONLY
J:O4.1V,O4.1V,jacks,O4,1V/OCT,4,1,65.5,29.0,qingpu-wqp518ma,PRE-CAD REVIEW ONLY
J:O4.FM,O4.FM,jacks,O4,FM,4,2,65.5,43.0,qingpu-wqp518ma,PRE-CAD REVIEW ONLY
J:O4.PWM,O4.PWM,jacks,O4,PWM,4,3,65.5,57.0,qingpu-wqp518ma,PRE-CAD REVIEW ONLY
J:O4.SYNC,O4.SYNC,jacks,O4,SYNC CV,4,4,65.5,71.0,qingpu-wqp518ma,PRE-CAD REVIEW ONLY
J:O4.SIN,O4.SIN,jacks,O4,SIN,4,5,65.5,85.0,qingpu-wqp518ma,PRE-CAD REVIEW ONLY
J:O4.TRI,O4.TRI,jacks,O4,TRI,4,6,65.5,99.0,qingpu-wqp518ma,PRE-CAD REVIEW ONLY
J:O4.SAW,O4.SAW,jacks,O4,SAW,4,7,65.5,113.0,qingpu-wqp518ma,PRE-CAD REVIEW ONLY
J:O4.PUL,O4.PUL,jacks,O4,PUL,4,8,65.5,127.0,qingpu-wqp518ma,PRE-CAD REVIEW ONLY
J:O5.1V,O5.1V,jacks,O5,1V/OCT,5,1,82.5,29.0,qingpu-wqp518ma,PRE-CAD REVIEW ONLY
J:O5.FM,O5.FM,jacks,O5,FM,5,2,82.5,43.0,qingpu-wqp518ma,PRE-CAD REVIEW ONLY
J:O5.PWM,O5.PWM,jacks,O5,PWM,5,3,82.5,57.0,qingpu-wqp518ma,PRE-CAD REVIEW ONLY
J:O5.SYNC,O5.SYNC,jacks,O5,SYNC CV,5,4,82.5,71.0,qingpu-wqp518ma,PRE-CAD REVIEW ONLY
J:O5.SIN,O5.SIN,jacks,O5,SIN,5,5,82.5,85.0,qingpu-wqp518ma,PRE-CAD REVIEW ONLY
J:O5.TRI,O5.TRI,jacks,O5,TRI,5,6,82.5,99.0,qingpu-wqp518ma,PRE-CAD REVIEW ONLY
J:O5.SAW,O5.SAW,jacks,O5,SAW,5,7,82.5,113.0,qingpu-wqp518ma,PRE-CAD REVIEW ONLY
J:O5.PUL,O5.PUL,jacks,O5,PUL,5,8,82.5,127.0,qingpu-wqp518ma,PRE-CAD REVIEW ONLY
J:F1.IN,F1.IN,jacks,F1,IN,6,1,99.5,29.0,qingpu-wqp518ma,PRE-CAD REVIEW ONLY
J:F1.FREQ,F1.FREQ,jacks,F1,FREQ CV,6,2,99.5,43.0,qingpu-wqp518ma,PRE-CAD REVIEW ONLY
J:F1.RES,F1.RES,jacks,F1,RES CV,6,3,99.5,57.0,qingpu-wqp518ma,PRE-CAD REVIEW ONLY
J:F1.GAIN,F1.GAIN,jacks,F1,GAIN CV,6,4,99.5,71.0,qingpu-wqp518ma,PRE-CAD REVIEW ONLY
J:F1.LP,F1.LP,jacks,F1,LP,6,5,99.5,85.0,qingpu-wqp518ma,PRE-CAD REVIEW ONLY
J:F1.BP,F1.BP,jacks,F1,BP,6,6,99.5,99.0,qingpu-wqp518ma,PRE-CAD REVIEW ONLY
J:F1.HP,F1.HP,jacks,F1,HP,6,7,99.5,113.0,qingpu-wqp518ma,PRE-CAD REVIEW ONLY
J:F1.OUT,F1.OUT,jacks,F1,OUT,6,8,99.5,127.0,qingpu-wqp518ma,PRE-CAD REVIEW ONLY
J:F2.IN,F2.IN,jacks,F2,IN,7,1,116.5,29.0,qingpu-wqp518ma,PRE-CAD REVIEW ONLY
J:F2.FREQ,F2.FREQ,jacks,F2,FREQ CV,7,2,116.5,43.0,qingpu-wqp518ma,PRE-CAD REVIEW ONLY
J:F2.RES,F2.RES,jacks,F2,RES CV,7,3,116.5,57.0,qingpu-wqp518ma,PRE-CAD REVIEW ONLY
J:F2.GAIN,F2.GAIN,jacks,F2,GAIN CV,7,4,116.5,71.0,qingpu-wqp518ma,PRE-CAD REVIEW ONLY
J:F2.LP,F2.LP,jacks,F2,LP,7,5,116.5,85.0,qingpu-wqp518ma,PRE-CAD REVIEW ONLY
J:F2.BP,F2.BP,jacks,F2,BP,7,6,116.5,99.0,qingpu-wqp518ma,PRE-CAD REVIEW ONLY
J:F2.HP,F2.HP,jacks,F2,HP,7,7,116.5,113.0,qingpu-wqp518ma,PRE-CAD REVIEW ONLY
J:F2.OUT,F2.OUT,jacks,F2,OUT,7,8,116.5,127.0,qingpu-wqp518ma,PRE-CAD REVIEW ONLY
J:F3.IN,F3.IN,jacks,F3,IN,8,1,133.5,29.0,qingpu-wqp518ma,PRE-CAD REVIEW ONLY
J:F3.FREQ,F3.FREQ,jacks,F3,FREQ CV,8,2,133.5,43.0,qingpu-wqp518ma,PRE-CAD REVIEW ONLY
J:F3.RES,F3.RES,jacks,F3,RES CV,8,3,133.5,57.0,qingpu-wqp518ma,PRE-CAD REVIEW ONLY
J:F3.GAIN,F3.GAIN,jacks,F3,GAIN CV,8,4,133.5,71.0,qingpu-wqp518ma,PRE-CAD REVIEW ONLY
J:F3.LP,F3.LP,jacks,F3,LP,8,5,133.5,85.0,qingpu-wqp518ma,PRE-CAD REVIEW ONLY
J:F3.BP,F3.BP,jacks,F3,BP,8,6,133.5,99.0,qingpu-wqp518ma,PRE-CAD REVIEW ONLY
J:F3.HP,F3.HP,jacks,F3,HP,8,7,133.5,113.0,qingpu-wqp518ma,PRE-CAD REVIEW ONLY
J:F3.OUT,F3.OUT,jacks,F3,OUT,8,8,133.5,127.0,qingpu-wqp518ma,PRE-CAD REVIEW ONLY
J:M5A.1,M5A.1,jacks,M5A,1,9,1,150.5,29.0,qingpu-wqp518ma,PRE-CAD REVIEW ONLY
J:M5A.2,M5A.2,jacks,M5A,2,9,2,150.5,43.0,qingpu-wqp518ma,PRE-CAD REVIEW ONLY
J:M5A.3,M5A.3,jacks,M5A,3,9,3,150.5,57.0,qingpu-wqp518ma,PRE-CAD REVIEW ONLY
J:M5A.4,M5A.4,jacks,M5A,4,9,4,150.5,71.0,qingpu-wqp518ma,PRE-CAD REVIEW ONLY
J:M5A.5,M5A.5,jacks,M5A,5,9,5,150.5,85.0,qingpu-wqp518ma,PRE-CAD REVIEW ONLY
J:M5A.SUM,M5A.SUM,jacks,M5A,SUM,9,6,150.5,99.0,qingpu-wqp518ma,PRE-CAD REVIEW ONLY
J:M5B.1,M5B.1,jacks,M5B,1,10,1,167.5,29.0,qingpu-wqp518ma,PRE-CAD REVIEW ONLY
J:M5B.2,M5B.2,jacks,M5B,2,10,2,167.5,43.0,qingpu-wqp518ma,PRE-CAD REVIEW ONLY
J:M5B.3,M5B.3,jacks,M5B,3,10,3,167.5,57.0,qingpu-wqp518ma,PRE-CAD REVIEW ONLY
J:M5B.4,M5B.4,jacks,M5B,4,10,4,167.5,71.0,qingpu-wqp518ma,PRE-CAD REVIEW ONLY
J:M5B.5,M5B.5,jacks,M5B,5,10,5,167.5,85.0,qingpu-wqp518ma,PRE-CAD REVIEW ONLY
J:M5B.SUM,M5B.SUM,jacks,M5B,SUM,10,6,167.5,99.0,qingpu-wqp518ma,PRE-CAD REVIEW ONLY
J:M4A.1,M4A.1,jacks,M4A,1,11,1,184.5,29.0,qingpu-wqp518ma,PRE-CAD REVIEW ONLY
J:M4A.2,M4A.2,jacks,M4A,2,11,2,184.5,43.0,qingpu-wqp518ma,PRE-CAD REVIEW ONLY
J:M4A.3,M4A.3,jacks,M4A,3,11,3,184.5,57.0,qingpu-wqp518ma,PRE-CAD REVIEW ONLY
J:M4A.4,M4A.4,jacks,M4A,4,11,4,184.5,71.0,qingpu-wqp518ma,PRE-CAD REVIEW ONLY
J:M4A.ATTEN,M4A.ATTEN,jacks,M4A,ATTEN,11,5,184.5,85.0,qingpu-wqp518ma,PRE-CAD REVIEW ONLY
J:M4A.SUM,M4A.SUM,jacks,M4A,SUM,11,6,184.5,99.0,qingpu-wqp518ma,PRE-CAD REVIEW ONLY
J:M4B.1,M4B.1,jacks,M4B,1,12,1,201.5,29.0,qingpu-wqp518ma,PRE-CAD REVIEW ONLY
J:M4B.2,M4B.2,jacks,M4B,2,12,2,201.5,43.0,qingpu-wqp518ma,PRE-CAD REVIEW ONLY
J:M4B.3,M4B.3,jacks,M4B,3,12,3,201.5,57.0,qingpu-wqp518ma,PRE-CAD REVIEW ONLY
J:M4B.4,M4B.4,jacks,M4B,4,12,4,201.5,71.0,qingpu-wqp518ma,PRE-CAD REVIEW ONLY
J:M4B.ATTEN,M4B.ATTEN,jacks,M4B,ATTEN,12,5,201.5,85.0,qingpu-wqp518ma,PRE-CAD REVIEW ONLY
J:M4B.SUM,M4B.SUM,jacks,M4B,SUM,12,6,201.5,99.0,qingpu-wqp518ma,PRE-CAD REVIEW ONLY
J:W2.IN,W2.IN,jacks,W2,IN,9,7,150.5,113.0,qingpu-wqp518ma,PRE-CAD REVIEW ONLY
J:W2.FOLD,W2.FOLD,jacks,W2,FOLD CV,10,7,167.5,113.0,qingpu-wqp518ma,PRE-CAD REVIEW ONLY
J:W2.BIAS,W2.BIAS,jacks,W2,BIAS CV,9,8,150.5,127.0,qingpu-wqp518ma,PRE-CAD REVIEW ONLY
J:W2.OUT,W2.OUT,jacks,W2,OUT,10,8,167.5,127.0,qingpu-wqp518ma,PRE-CAD REVIEW ONLY
J:W1.IN,W1.IN,jacks,W1,IN,11,7,184.5,113.0,qingpu-wqp518ma,PRE-CAD REVIEW ONLY
J:W1.FOLD,W1.FOLD,jacks,W1,FOLD CV,12,7,201.5,113.0,qingpu-wqp518ma,PRE-CAD REVIEW ONLY
J:W1.BIAS,W1.BIAS,jacks,W1,BIAS CV,11,8,184.5,127.0,qingpu-wqp518ma,PRE-CAD REVIEW ONLY
J:W1.OUT,W1.OUT,jacks,W1,OUT,12,8,201.5,127.0,qingpu-wqp518ma,PRE-CAD REVIEW ONLY
J:E1.SIG,E1.SIG,jacks,E1,SIG,13,1,218.5,29.0,qingpu-wqp518ma,PRE-CAD REVIEW ONLY
J:E1.RISE,E1.RISE,jacks,E1,RISE,13,2,218.5,43.0,qingpu-wqp518ma,PRE-CAD REVIEW ONLY
J:E1.FALL,E1.FALL,jacks,E1,FALL,13,3,218.5,57.0,qingpu-wqp518ma,PRE-CAD REVIEW ONLY
J:E1.ENV,E1.ENV,jacks,E1,ENV,13,4,218.5,71.0,qingpu-wqp518ma,PRE-CAD REVIEW ONLY
J:E1.BIP,E1.BIP,jacks,E1,BIP,13,5,218.5,85.0,qingpu-wqp518ma,PRE-CAD REVIEW ONLY
J:E1.EOC,E1.EOC,jacks,E1,EOC,13,6,218.5,99.0,qingpu-wqp518ma,PRE-CAD REVIEW ONLY
J:E1.STG,E1.STG,jacks,E1,STG,13,7,218.5,113.0,qingpu-wqp518ma,PRE-CAD REVIEW ONLY
J:A01.IN,A01.IN,jacks,A01,IN,13,8,218.5,127.0,qingpu-wqp518ma,PRE-CAD REVIEW ONLY
J:A01.OFFSET,A01.OFFSET,jacks,A01,OFFSET,13,9,218.5,141.0,qingpu-wqp518ma,PRE-CAD REVIEW ONLY
J:A01.OUT,A01.OUT,jacks,A01,OUT,13,10,218.5,155.0,qingpu-wqp518ma,PRE-CAD REVIEW ONLY
J:E2.SIG,E2.SIG,jacks,E2,SIG,14,1,235.5,29.0,qingpu-wqp518ma,PRE-CAD REVIEW ONLY
J:E2.RISE,E2.RISE,jacks,E2,RISE,14,2,235.5,43.0,qingpu-wqp518ma,PRE-CAD REVIEW ONLY
J:E2.FALL,E2.FALL,jacks,E2,FALL,14,3,235.5,57.0,qingpu-wqp518ma,PRE-CAD REVIEW ONLY
J:E2.ENV,E2.ENV,jacks,E2,ENV,14,4,235.5,71.0,qingpu-wqp518ma,PRE-CAD REVIEW ONLY
J:E2.BIP,E2.BIP,jacks,E2,BIP,14,5,235.5,85.0,qingpu-wqp518ma,PRE-CAD REVIEW ONLY
J:E2.EOC,E2.EOC,jacks,E2,EOC,14,6,235.5,99.0,qingpu-wqp518ma,PRE-CAD REVIEW ONLY
J:E2.STG,E2.STG,jacks,E2,STG,14,7,235.5,113.0,qingpu-wqp518ma,PRE-CAD REVIEW ONLY
J:A02.IN,A02.IN,jacks,A02,IN,14,8,235.5,127.0,qingpu-wqp518ma,PRE-CAD REVIEW ONLY
J:A02.OFFSET,A02.OFFSET,jacks,A02,OFFSET,14,9,235.5,141.0,qingpu-wqp518ma,PRE-CAD REVIEW ONLY
J:A02.OUT,A02.OUT,jacks,A02,OUT,14,10,235.5,155.0,qingpu-wqp518ma,PRE-CAD REVIEW ONLY
J:E3.SIG,E3.SIG,jacks,E3,SIG,15,1,252.5,29.0,qingpu-wqp518ma,PRE-CAD REVIEW ONLY
J:E3.RISE,E3.RISE,jacks,E3,RISE,15,2,252.5,43.0,qingpu-wqp518ma,PRE-CAD REVIEW ONLY
J:E3.FALL,E3.FALL,jacks,E3,FALL,15,3,252.5,57.0,qingpu-wqp518ma,PRE-CAD REVIEW ONLY
J:E3.ENV,E3.ENV,jacks,E3,ENV,15,4,252.5,71.0,qingpu-wqp518ma,PRE-CAD REVIEW ONLY
J:E3.BIP,E3.BIP,jacks,E3,BIP,15,5,252.5,85.0,qingpu-wqp518ma,PRE-CAD REVIEW ONLY
J:E3.EOC,E3.EOC,jacks,E3,EOC,15,6,252.5,99.0,qingpu-wqp518ma,PRE-CAD REVIEW ONLY
J:E3.STG,E3.STG,jacks,E3,STG,15,7,252.5,113.0,qingpu-wqp518ma,PRE-CAD REVIEW ONLY
J:A03.IN,A03.IN,jacks,A03,IN,15,8,252.5,127.0,qingpu-wqp518ma,PRE-CAD REVIEW ONLY
J:A03.OFFSET,A03.OFFSET,jacks,A03,OFFSET,15,9,252.5,141.0,qingpu-wqp518ma,PRE-CAD REVIEW ONLY
J:A03.OUT,A03.OUT,jacks,A03,OUT,15,10,252.5,155.0,qingpu-wqp518ma,PRE-CAD REVIEW ONLY
J:E4.SIG,E4.SIG,jacks,E4,SIG,16,1,269.5,29.0,qingpu-wqp518ma,PRE-CAD REVIEW ONLY
J:E4.RISE,E4.RISE,jacks,E4,RISE,16,2,269.5,43.0,qingpu-wqp518ma,PRE-CAD REVIEW ONLY
J:E4.FALL,E4.FALL,jacks,E4,FALL,16,3,269.5,57.0,qingpu-wqp518ma,PRE-CAD REVIEW ONLY
J:E4.ENV,E4.ENV,jacks,E4,ENV,16,4,269.5,71.0,qingpu-wqp518ma,PRE-CAD REVIEW ONLY
J:E4.BIP,E4.BIP,jacks,E4,BIP,16,5,269.5,85.0,qingpu-wqp518ma,PRE-CAD REVIEW ONLY
J:E4.EOC,E4.EOC,jacks,E4,EOC,16,6,269.5,99.0,qingpu-wqp518ma,PRE-CAD REVIEW ONLY
J:E4.STG,E4.STG,jacks,E4,STG,16,7,269.5,113.0,qingpu-wqp518ma,PRE-CAD REVIEW ONLY
J:A04.IN,A04.IN,jacks,A04,IN,16,8,269.5,127.0,qingpu-wqp518ma,PRE-CAD REVIEW ONLY
J:A04.OFFSET,A04.OFFSET,jacks,A04,OFFSET,16,9,269.5,141.0,qingpu-wqp518ma,PRE-CAD REVIEW ONLY
J:A04.OUT,A04.OUT,jacks,A04,OUT,16,10,269.5,155.0,qingpu-wqp518ma,PRE-CAD REVIEW ONLY
J:E5.SIG,E5.SIG,jacks,E5,SIG,17,1,286.5,29.0,qingpu-wqp518ma,PRE-CAD REVIEW ONLY
J:E5.RISE,E5.RISE,jacks,E5,RISE,17,2,286.5,43.0,qingpu-wqp518ma,PRE-CAD REVIEW ONLY
J:E5.FALL,E5.FALL,jacks,E5,FALL,17,3,286.5,57.0,qingpu-wqp518ma,PRE-CAD REVIEW ONLY
J:E5.ENV,E5.ENV,jacks,E5,ENV,17,4,286.5,71.0,qingpu-wqp518ma,PRE-CAD REVIEW ONLY
J:E5.BIP,E5.BIP,jacks,E5,BIP,17,5,286.5,85.0,qingpu-wqp518ma,PRE-CAD REVIEW ONLY
J:E5.EOC,E5.EOC,jacks,E5,EOC,17,6,286.5,99.0,qingpu-wqp518ma,PRE-CAD REVIEW ONLY
J:E5.STG,E5.STG,jacks,E5,STG,17,7,286.5,113.0,qingpu-wqp518ma,PRE-CAD REVIEW ONLY
J:A05.IN,A05.IN,jacks,A05,IN,17,8,286.5,127.0,qingpu-wqp518ma,PRE-CAD REVIEW ONLY
J:A05.OFFSET,A05.OFFSET,jacks,A05,OFFSET,17,9,286.5,141.0,qingpu-wqp518ma,PRE-CAD REVIEW ONLY
J:A05.OUT,A05.OUT,jacks,A05,OUT,17,10,286.5,155.0,qingpu-wqp518ma,PRE-CAD REVIEW ONLY
J:E6.SIG,E6.SIG,jacks,E6,SIG,18,1,303.5,29.0,qingpu-wqp518ma,PRE-CAD REVIEW ONLY
J:E6.RISE,E6.RISE,jacks,E6,RISE,18,2,303.5,43.0,qingpu-wqp518ma,PRE-CAD REVIEW ONLY
J:E6.FALL,E6.FALL,jacks,E6,FALL,18,3,303.5,57.0,qingpu-wqp518ma,PRE-CAD REVIEW ONLY
J:E6.ENV,E6.ENV,jacks,E6,ENV,18,4,303.5,71.0,qingpu-wqp518ma,PRE-CAD REVIEW ONLY
J:E6.BIP,E6.BIP,jacks,E6,BIP,18,5,303.5,85.0,qingpu-wqp518ma,PRE-CAD REVIEW ONLY
J:E6.EOC,E6.EOC,jacks,E6,EOC,18,6,303.5,99.0,qingpu-wqp518ma,PRE-CAD REVIEW ONLY
J:E6.STG,E6.STG,jacks,E6,STG,18,7,303.5,113.0,qingpu-wqp518ma,PRE-CAD REVIEW ONLY
J:A06.IN,A06.IN,jacks,A06,IN,18,8,303.5,127.0,qingpu-wqp518ma,PRE-CAD REVIEW ONLY
J:A06.OFFSET,A06.OFFSET,jacks,A06,OFFSET,18,9,303.5,141.0,qingpu-wqp518ma,PRE-CAD REVIEW ONLY
J:A06.OUT,A06.OUT,jacks,A06,OUT,18,10,303.5,155.0,qingpu-wqp518ma,PRE-CAD REVIEW ONLY
J:B1.IN,B1.IN,jacks,B1,IN,1,9,14.5,141.0,qingpu-wqp518ma,PRE-CAD REVIEW ONLY
J:B1.1,B1.1,jacks,B1,1,2,9,31.5,141.0,qingpu-wqp518ma,PRE-CAD REVIEW ONLY
J:B1.2,B1.2,jacks,B1,2,1,10,14.5,155.0,qingpu-wqp518ma,PRE-CAD REVIEW ONLY
J:B1.3,B1.3,jacks,B1,3,2,10,31.5,155.0,qingpu-wqp518ma,PRE-CAD REVIEW ONLY
J:B2.IN,B2.IN,jacks,B2,IN,3,9,48.5,141.0,qingpu-wqp518ma,PRE-CAD REVIEW ONLY
J:B2.1,B2.1,jacks,B2,1,4,9,65.5,141.0,qingpu-wqp518ma,PRE-CAD REVIEW ONLY
J:B2.2,B2.2,jacks,B2,2,3,10,48.5,155.0,qingpu-wqp518ma,PRE-CAD REVIEW ONLY
J:B2.3,B2.3,jacks,B2,3,4,10,65.5,155.0,qingpu-wqp518ma,PRE-CAD REVIEW ONLY
J:H1.TRIGGER,H1.TRIGGER,jacks,H1,TRIGGER,5,9,82.5,141.0,qingpu-wqp518ma,PRE-CAD REVIEW ONLY
J:H1.IN,H1.IN,jacks,H1,IN,6,9,99.5,141.0,qingpu-wqp518ma,PRE-CAD REVIEW ONLY
J:H1.OUT,H1.OUT,jacks,H1,OUT,7,9,116.5,141.0,qingpu-wqp518ma,PRE-CAD REVIEW ONLY
J:X1.IN-A,X1.IN-A,jacks,X1,IN-A,8,9,133.5,141.0,qingpu-wqp518ma,PRE-CAD REVIEW ONLY
J:X1.IN-B,X1.IN-B,jacks,X1,IN-B,9,9,150.5,141.0,qingpu-wqp518ma,PRE-CAD REVIEW ONLY
J:X1.OUT,X1.OUT,jacks,X1,OUT,10,9,167.5,141.0,qingpu-wqp518ma,PRE-CAD REVIEW ONLY
J:H2.TRIGGER,H2.TRIGGER,jacks,H2,TRIGGER,5,10,82.5,155.0,qingpu-wqp518ma,PRE-CAD REVIEW ONLY
J:H2.IN,H2.IN,jacks,H2,IN,6,10,99.5,155.0,qingpu-wqp518ma,PRE-CAD REVIEW ONLY
J:H2.OUT,H2.OUT,jacks,H2,OUT,7,10,116.5,155.0,qingpu-wqp518ma,PRE-CAD REVIEW ONLY
J:X2.IN-A,X2.IN-A,jacks,X2,IN-A,8,10,133.5,155.0,qingpu-wqp518ma,PRE-CAD REVIEW ONLY
J:X2.IN-B,X2.IN-B,jacks,X2,IN-B,9,10,150.5,155.0,qingpu-wqp518ma,PRE-CAD REVIEW ONLY
J:X2.OUT,X2.OUT,jacks,X2,OUT,10,10,167.5,155.0,qingpu-wqp518ma,PRE-CAD REVIEW ONLY
J:N1.WHITE,N1.WHITE,jacks,N1,WHITE,11,9,184.5,141.0,qingpu-wqp518ma,PRE-CAD REVIEW ONLY
J:N1.PINK,N1.PINK,jacks,N1,PINK,12,9,201.5,141.0,qingpu-wqp518ma,PRE-CAD REVIEW ONLY
J:N1.BLUE,N1.BLUE,jacks,N1,BLUE,11,10,184.5,155.0,qingpu-wqp518ma,PRE-CAD REVIEW ONLY
J:N1.BROWN,N1.BROWN,jacks,N1,BROWN,12,10,201.5,155.0,qingpu-wqp518ma,PRE-CAD REVIEW ONLY
C:O1.OCT,O1.OCT,controls,O1,OCT,1,1,14.5,185.0,alps-srbv160803,PRE-CAD REVIEW ONLY
C:O1.VCO/LFO,O1.VCO/LFO,controls,O1,RANGE,1,2,14.5,199.0,dailywell-2ms1,PRE-CAD REVIEW ONLY
C:O1.SYNC,O1.SYNC,controls,O1,SYNC,1,3,14.5,213.0,dailywell-2ms3,PRE-CAD REVIEW ONLY
C:O1.TUNE,O1.TUNE,controls,O1,TUNE,1,4,14.5,227.0,bourns-ptv09a-4020f-b103,PRE-CAD REVIEW ONLY
C:O1.FINE,O1.FINE,controls,O1,FINE,1,5,14.5,241.0,bourns-ptv09a-4020f-b103,PRE-CAD REVIEW ONLY
C:O1.FM±,O1.FM±,controls,O1,FM ±,1,6,14.5,255.0,bourns-ptv09a-4020f-b103,PRE-CAD REVIEW ONLY
C:O1.PW,O1.PW,controls,O1,PW,1,7,14.5,269.0,bourns-ptv09a-4020f-b103,PRE-CAD REVIEW ONLY
C:O1.PWM±,O1.PWM±,controls,O1,PWM ±,1,8,14.5,283.0,bourns-ptv09a-4020f-b103,PRE-CAD REVIEW ONLY
C:O2.OCT,O2.OCT,controls,O2,OCT,2,1,31.5,185.0,alps-srbv160803,PRE-CAD REVIEW ONLY
C:O2.VCO/LFO,O2.VCO/LFO,controls,O2,RANGE,2,2,31.5,199.0,dailywell-2ms1,PRE-CAD REVIEW ONLY
C:O2.SYNC,O2.SYNC,controls,O2,SYNC,2,3,31.5,213.0,dailywell-2ms3,PRE-CAD REVIEW ONLY
C:O2.TUNE,O2.TUNE,controls,O2,TUNE,2,4,31.5,227.0,bourns-ptv09a-4020f-b103,PRE-CAD REVIEW ONLY
C:O2.FINE,O2.FINE,controls,O2,FINE,2,5,31.5,241.0,bourns-ptv09a-4020f-b103,PRE-CAD REVIEW ONLY
C:O2.FM±,O2.FM±,controls,O2,FM ±,2,6,31.5,255.0,bourns-ptv09a-4020f-b103,PRE-CAD REVIEW ONLY
C:O2.PW,O2.PW,controls,O2,PW,2,7,31.5,269.0,bourns-ptv09a-4020f-b103,PRE-CAD REVIEW ONLY
C:O2.PWM±,O2.PWM±,controls,O2,PWM ±,2,8,31.5,283.0,bourns-ptv09a-4020f-b103,PRE-CAD REVIEW ONLY
C:O3.OCT,O3.OCT,controls,O3,OCT,3,1,48.5,185.0,alps-srbv160803,PRE-CAD REVIEW ONLY
C:O3.VCO/LFO,O3.VCO/LFO,controls,O3,RANGE,3,2,48.5,199.0,dailywell-2ms1,PRE-CAD REVIEW ONLY
C:O3.SYNC,O3.SYNC,controls,O3,SYNC,3,3,48.5,213.0,dailywell-2ms3,PRE-CAD REVIEW ONLY
C:O3.TUNE,O3.TUNE,controls,O3,TUNE,3,4,48.5,227.0,bourns-ptv09a-4020f-b103,PRE-CAD REVIEW ONLY
C:O3.FINE,O3.FINE,controls,O3,FINE,3,5,48.5,241.0,bourns-ptv09a-4020f-b103,PRE-CAD REVIEW ONLY
C:O3.FM±,O3.FM±,controls,O3,FM ±,3,6,48.5,255.0,bourns-ptv09a-4020f-b103,PRE-CAD REVIEW ONLY
C:O3.PW,O3.PW,controls,O3,PW,3,7,48.5,269.0,bourns-ptv09a-4020f-b103,PRE-CAD REVIEW ONLY
C:O3.PWM±,O3.PWM±,controls,O3,PWM ±,3,8,48.5,283.0,bourns-ptv09a-4020f-b103,PRE-CAD REVIEW ONLY
C:O4.OCT,O4.OCT,controls,O4,OCT,4,1,65.5,185.0,alps-srbv160803,PRE-CAD REVIEW ONLY
C:O4.VCO/LFO,O4.VCO/LFO,controls,O4,RANGE,4,2,65.5,199.0,dailywell-2ms1,PRE-CAD REVIEW ONLY
C:O4.SYNC,O4.SYNC,controls,O4,SYNC,4,3,65.5,213.0,dailywell-2ms3,PRE-CAD REVIEW ONLY
C:O4.TUNE,O4.TUNE,controls,O4,TUNE,4,4,65.5,227.0,bourns-ptv09a-4020f-b103,PRE-CAD REVIEW ONLY
C:O4.FINE,O4.FINE,controls,O4,FINE,4,5,65.5,241.0,bourns-ptv09a-4020f-b103,PRE-CAD REVIEW ONLY
C:O4.FM±,O4.FM±,controls,O4,FM ±,4,6,65.5,255.0,bourns-ptv09a-4020f-b103,PRE-CAD REVIEW ONLY
C:O4.PW,O4.PW,controls,O4,PW,4,7,65.5,269.0,bourns-ptv09a-4020f-b103,PRE-CAD REVIEW ONLY
C:O4.PWM±,O4.PWM±,controls,O4,PWM ±,4,8,65.5,283.0,bourns-ptv09a-4020f-b103,PRE-CAD REVIEW ONLY
C:O5.OCT,O5.OCT,controls,O5,OCT,5,1,82.5,185.0,alps-srbv160803,PRE-CAD REVIEW ONLY
C:O5.VCO/LFO,O5.VCO/LFO,controls,O5,RANGE,5,2,82.5,199.0,dailywell-2ms1,PRE-CAD REVIEW ONLY
C:O5.SYNC,O5.SYNC,controls,O5,SYNC,5,3,82.5,213.0,dailywell-2ms3,PRE-CAD REVIEW ONLY
C:O5.TUNE,O5.TUNE,controls,O5,TUNE,5,4,82.5,227.0,bourns-ptv09a-4020f-b103,PRE-CAD REVIEW ONLY
C:O5.FINE,O5.FINE,controls,O5,FINE,5,5,82.5,241.0,bourns-ptv09a-4020f-b103,PRE-CAD REVIEW ONLY
C:O5.FM±,O5.FM±,controls,O5,FM ±,5,6,82.5,255.0,bourns-ptv09a-4020f-b103,PRE-CAD REVIEW ONLY
C:O5.PW,O5.PW,controls,O5,PW,5,7,82.5,269.0,bourns-ptv09a-4020f-b103,PRE-CAD REVIEW ONLY
C:O5.PWM±,O5.PWM±,controls,O5,PWM ±,5,8,82.5,283.0,bourns-ptv09a-4020f-b103,PRE-CAD REVIEW ONLY
C:F1.FREQ,F1.FREQ,controls,F1,FREQ,6,1,99.5,185.0,bourns-ptv09a-4020f-b103,PRE-CAD REVIEW ONLY
C:F1.RES,F1.RES,controls,F1,RES,6,2,99.5,199.0,bourns-ptv09a-4020f-b103,PRE-CAD REVIEW ONLY
C:F1.FREQ±,F1.FREQ±,controls,F1,FREQ±,6,3,99.5,213.0,bourns-ptv09a-4020f-b103,PRE-CAD REVIEW ONLY
C:F1.RES±,F1.RES±,controls,F1,RES±,6,4,99.5,227.0,bourns-ptv09a-4020f-b103,PRE-CAD REVIEW ONLY
C:F1.GAIN,F1.GAIN,controls,F1,GAIN,6,5,99.5,241.0,bourns-ptv09a-4020f-b103,PRE-CAD REVIEW ONLY
C:F1.GAIN±,F1.GAIN±,controls,F1,GAIN±,6,6,99.5,255.0,bourns-ptv09a-4020f-b103,PRE-CAD REVIEW ONLY
C:F2.FREQ,F2.FREQ,controls,F2,FREQ,7,1,116.5,185.0,bourns-ptv09a-4020f-b103,PRE-CAD REVIEW ONLY
C:F2.RES,F2.RES,controls,F2,RES,7,2,116.5,199.0,bourns-ptv09a-4020f-b103,PRE-CAD REVIEW ONLY
C:F2.FREQ±,F2.FREQ±,controls,F2,FREQ±,7,3,116.5,213.0,bourns-ptv09a-4020f-b103,PRE-CAD REVIEW ONLY
C:F2.RES±,F2.RES±,controls,F2,RES±,7,4,116.5,227.0,bourns-ptv09a-4020f-b103,PRE-CAD REVIEW ONLY
C:F2.GAIN,F2.GAIN,controls,F2,GAIN,7,5,116.5,241.0,bourns-ptv09a-4020f-b103,PRE-CAD REVIEW ONLY
C:F2.GAIN±,F2.GAIN±,controls,F2,GAIN±,7,6,116.5,255.0,bourns-ptv09a-4020f-b103,PRE-CAD REVIEW ONLY
C:F3.FREQ,F3.FREQ,controls,F3,FREQ,8,1,133.5,185.0,bourns-ptv09a-4020f-b103,PRE-CAD REVIEW ONLY
C:F3.RES,F3.RES,controls,F3,RES,8,2,133.5,199.0,bourns-ptv09a-4020f-b103,PRE-CAD REVIEW ONLY
C:F3.FREQ±,F3.FREQ±,controls,F3,FREQ±,8,3,133.5,213.0,bourns-ptv09a-4020f-b103,PRE-CAD REVIEW ONLY
C:F3.RES±,F3.RES±,controls,F3,RES±,8,4,133.5,227.0,bourns-ptv09a-4020f-b103,PRE-CAD REVIEW ONLY
C:F3.GAIN,F3.GAIN,controls,F3,GAIN,8,5,133.5,241.0,bourns-ptv09a-4020f-b103,PRE-CAD REVIEW ONLY
C:F3.GAIN±,F3.GAIN±,controls,F3,GAIN±,8,6,133.5,255.0,bourns-ptv09a-4020f-b103,PRE-CAD REVIEW ONLY
C:M5A.1±,M5A.1±,controls,M5A,1 ±,9,1,150.5,185.0,bourns-ptv09a-4020f-b103,PRE-CAD REVIEW ONLY
C:M5A.2±,M5A.2±,controls,M5A,2 ±,9,2,150.5,199.0,bourns-ptv09a-4020f-b103,PRE-CAD REVIEW ONLY
C:M5A.3±,M5A.3±,controls,M5A,3 ±,9,3,150.5,213.0,bourns-ptv09a-4020f-b103,PRE-CAD REVIEW ONLY
C:M5A.4±,M5A.4±,controls,M5A,4 ±,9,4,150.5,227.0,bourns-ptv09a-4020f-b103,PRE-CAD REVIEW ONLY
C:M5A.5±,M5A.5±,controls,M5A,5 ±,9,5,150.5,241.0,bourns-ptv09a-4020f-b103,PRE-CAD REVIEW ONLY
C:M5A.LEVEL,M5A.LEVEL,controls,M5A,LEVEL,9,6,150.5,255.0,bourns-ptv09a-4020f-b103,PRE-CAD REVIEW ONLY
C:M5B.1±,M5B.1±,controls,M5B,1 ±,10,1,167.5,185.0,bourns-ptv09a-4020f-b103,PRE-CAD REVIEW ONLY
C:M5B.2±,M5B.2±,controls,M5B,2 ±,10,2,167.5,199.0,bourns-ptv09a-4020f-b103,PRE-CAD REVIEW ONLY
C:M5B.3±,M5B.3±,controls,M5B,3 ±,10,3,167.5,213.0,bourns-ptv09a-4020f-b103,PRE-CAD REVIEW ONLY
C:M5B.4±,M5B.4±,controls,M5B,4 ±,10,4,167.5,227.0,bourns-ptv09a-4020f-b103,PRE-CAD REVIEW ONLY
C:M5B.5±,M5B.5±,controls,M5B,5 ±,10,5,167.5,241.0,bourns-ptv09a-4020f-b103,PRE-CAD REVIEW ONLY
C:M5B.LEVEL,M5B.LEVEL,controls,M5B,LEVEL,10,6,167.5,255.0,bourns-ptv09a-4020f-b103,PRE-CAD REVIEW ONLY
C:M4A.1±,M4A.1±,controls,M4A,1 ±,11,1,184.5,185.0,bourns-ptv09a-4020f-b103,PRE-CAD REVIEW ONLY
C:M4A.2±,M4A.2±,controls,M4A,2 ±,11,2,184.5,199.0,bourns-ptv09a-4020f-b103,PRE-CAD REVIEW ONLY
C:M4A.3±,M4A.3±,controls,M4A,3 ±,11,3,184.5,213.0,bourns-ptv09a-4020f-b103,PRE-CAD REVIEW ONLY
C:M4A.4±,M4A.4±,controls,M4A,4 ±,11,4,184.5,227.0,bourns-ptv09a-4020f-b103,PRE-CAD REVIEW ONLY
C:M4A.CV±,M4A.CV±,controls,M4A,CV ±,11,5,184.5,241.0,bourns-ptv09a-4020f-b103,PRE-CAD REVIEW ONLY
C:M4A.LEVEL,M4A.LEVEL,controls,M4A,SUM GAIN,11,6,184.5,255.0,bourns-ptv09a-4020f-b103,PRE-CAD REVIEW ONLY
C:M4B.1±,M4B.1±,controls,M4B,1 ±,12,1,201.5,185.0,bourns-ptv09a-4020f-b103,PRE-CAD REVIEW ONLY
C:M4B.2±,M4B.2±,controls,M4B,2 ±,12,2,201.5,199.0,bourns-ptv09a-4020f-b103,PRE-CAD REVIEW ONLY
C:M4B.3±,M4B.3±,controls,M4B,3 ±,12,3,201.5,213.0,bourns-ptv09a-4020f-b103,PRE-CAD REVIEW ONLY
C:M4B.4±,M4B.4±,controls,M4B,4 ±,12,4,201.5,227.0,bourns-ptv09a-4020f-b103,PRE-CAD REVIEW ONLY
C:M4B.CV±,M4B.CV±,controls,M4B,CV ±,12,5,201.5,241.0,bourns-ptv09a-4020f-b103,PRE-CAD REVIEW ONLY
C:M4B.LEVEL,M4B.LEVEL,controls,M4B,SUM GAIN,12,6,201.5,255.0,bourns-ptv09a-4020f-b103,PRE-CAD REVIEW ONLY
C:W2.FOLD,W2.FOLD,controls,W2,FOLD,9,7,150.5,269.0,bourns-ptv09a-4020f-b103,PRE-CAD REVIEW ONLY
C:W2.FOLD±,W2.FOLD±,controls,W2,FOLD ±,10,7,167.5,269.0,bourns-ptv09a-4020f-b103,PRE-CAD REVIEW ONLY
C:W2.BIAS,W2.BIAS,controls,W2,BIAS,9,8,150.5,283.0,bourns-ptv09a-4020f-b103,PRE-CAD REVIEW ONLY
C:W2.LEVEL,W2.LEVEL,controls,W2,LEVEL,10,8,167.5,283.0,bourns-ptv09a-4020f-b103,PRE-CAD REVIEW ONLY
C:W1.FOLD,W1.FOLD,controls,W1,FOLD,11,7,184.5,269.0,bourns-ptv09a-4020f-b103,PRE-CAD REVIEW ONLY
C:W1.FOLD±,W1.FOLD±,controls,W1,FOLD ±,12,7,201.5,269.0,bourns-ptv09a-4020f-b103,PRE-CAD REVIEW ONLY
C:W1.BIAS,W1.BIAS,controls,W1,BIAS,11,8,184.5,283.0,bourns-ptv09a-4020f-b103,PRE-CAD REVIEW ONLY
C:W1.LEVEL,W1.LEVEL,controls,W1,LEVEL,12,8,201.5,283.0,bourns-ptv09a-4020f-b103,PRE-CAD REVIEW ONLY
C:E1.MODE,E1.MODE,controls,E1,MODE,13,1,218.5,185.0,dailywell-2ms3,PRE-CAD REVIEW ONLY
C:E1.SHAPE,E1.SHAPE,controls,E1,SHAPE,13,2,218.5,199.0,dailywell-2ms1,PRE-CAD REVIEW ONLY
C:E1.STAGE,E1.STAGE,controls,E1,STAGE,13,3,218.5,213.0,dailywell-2ms1,PRE-CAD REVIEW ONLY
C:E1.TRIG,E1.TRIG,controls,E1,TRIG,13,4,218.5,227.0,omron-b3f1020,PRE-CAD REVIEW ONLY
C:E1.RISE,E1.RISE,controls,E1,RISE,13,5,218.5,241.0,bourns-ptv09a-4020f-b103,PRE-CAD REVIEW ONLY
C:E1.FALL,E1.FALL,controls,E1,FALL,13,6,218.5,255.0,bourns-ptv09a-4020f-b103,PRE-CAD REVIEW ONLY
C:A01.ATTEN,A01.ATTEN,controls,A01,ATTEN ±,13,7,218.5,269.0,bourns-ptv09a-4020f-b103,PRE-CAD REVIEW ONLY
C:A01.OFFSET,A01.OFFSET,controls,A01,OFFSET,13,8,218.5,283.0,bourns-ptv09a-4020f-b103,PRE-CAD REVIEW ONLY
C:E2.MODE,E2.MODE,controls,E2,MODE,14,1,235.5,185.0,dailywell-2ms3,PRE-CAD REVIEW ONLY
C:E2.SHAPE,E2.SHAPE,controls,E2,SHAPE,14,2,235.5,199.0,dailywell-2ms1,PRE-CAD REVIEW ONLY
C:E2.STAGE,E2.STAGE,controls,E2,STAGE,14,3,235.5,213.0,dailywell-2ms1,PRE-CAD REVIEW ONLY
C:E2.TRIG,E2.TRIG,controls,E2,TRIG,14,4,235.5,227.0,omron-b3f1020,PRE-CAD REVIEW ONLY
C:E2.RISE,E2.RISE,controls,E2,RISE,14,5,235.5,241.0,bourns-ptv09a-4020f-b103,PRE-CAD REVIEW ONLY
C:E2.FALL,E2.FALL,controls,E2,FALL,14,6,235.5,255.0,bourns-ptv09a-4020f-b103,PRE-CAD REVIEW ONLY
C:A02.ATTEN,A02.ATTEN,controls,A02,ATTEN ±,14,7,235.5,269.0,bourns-ptv09a-4020f-b103,PRE-CAD REVIEW ONLY
C:A02.OFFSET,A02.OFFSET,controls,A02,OFFSET,14,8,235.5,283.0,bourns-ptv09a-4020f-b103,PRE-CAD REVIEW ONLY
C:E3.MODE,E3.MODE,controls,E3,MODE,15,1,252.5,185.0,dailywell-2ms3,PRE-CAD REVIEW ONLY
C:E3.SHAPE,E3.SHAPE,controls,E3,SHAPE,15,2,252.5,199.0,dailywell-2ms1,PRE-CAD REVIEW ONLY
C:E3.STAGE,E3.STAGE,controls,E3,STAGE,15,3,252.5,213.0,dailywell-2ms1,PRE-CAD REVIEW ONLY
C:E3.TRIG,E3.TRIG,controls,E3,TRIG,15,4,252.5,227.0,omron-b3f1020,PRE-CAD REVIEW ONLY
C:E3.RISE,E3.RISE,controls,E3,RISE,15,5,252.5,241.0,bourns-ptv09a-4020f-b103,PRE-CAD REVIEW ONLY
C:E3.FALL,E3.FALL,controls,E3,FALL,15,6,252.5,255.0,bourns-ptv09a-4020f-b103,PRE-CAD REVIEW ONLY
C:A03.ATTEN,A03.ATTEN,controls,A03,ATTEN ±,15,7,252.5,269.0,bourns-ptv09a-4020f-b103,PRE-CAD REVIEW ONLY
C:A03.OFFSET,A03.OFFSET,controls,A03,OFFSET,15,8,252.5,283.0,bourns-ptv09a-4020f-b103,PRE-CAD REVIEW ONLY
C:E4.MODE,E4.MODE,controls,E4,MODE,16,1,269.5,185.0,dailywell-2ms3,PRE-CAD REVIEW ONLY
C:E4.SHAPE,E4.SHAPE,controls,E4,SHAPE,16,2,269.5,199.0,dailywell-2ms1,PRE-CAD REVIEW ONLY
C:E4.STAGE,E4.STAGE,controls,E4,STAGE,16,3,269.5,213.0,dailywell-2ms1,PRE-CAD REVIEW ONLY
C:E4.TRIG,E4.TRIG,controls,E4,TRIG,16,4,269.5,227.0,omron-b3f1020,PRE-CAD REVIEW ONLY
C:E4.RISE,E4.RISE,controls,E4,RISE,16,5,269.5,241.0,bourns-ptv09a-4020f-b103,PRE-CAD REVIEW ONLY
C:E4.FALL,E4.FALL,controls,E4,FALL,16,6,269.5,255.0,bourns-ptv09a-4020f-b103,PRE-CAD REVIEW ONLY
C:A04.ATTEN,A04.ATTEN,controls,A04,ATTEN ±,16,7,269.5,269.0,bourns-ptv09a-4020f-b103,PRE-CAD REVIEW ONLY
C:A04.OFFSET,A04.OFFSET,controls,A04,OFFSET,16,8,269.5,283.0,bourns-ptv09a-4020f-b103,PRE-CAD REVIEW ONLY
C:E5.MODE,E5.MODE,controls,E5,MODE,17,1,286.5,185.0,dailywell-2ms3,PRE-CAD REVIEW ONLY
C:E5.SHAPE,E5.SHAPE,controls,E5,SHAPE,17,2,286.5,199.0,dailywell-2ms1,PRE-CAD REVIEW ONLY
C:E5.STAGE,E5.STAGE,controls,E5,STAGE,17,3,286.5,213.0,dailywell-2ms1,PRE-CAD REVIEW ONLY
C:E5.TRIG,E5.TRIG,controls,E5,TRIG,17,4,286.5,227.0,omron-b3f1020,PRE-CAD REVIEW ONLY
C:E5.RISE,E5.RISE,controls,E5,RISE,17,5,286.5,241.0,bourns-ptv09a-4020f-b103,PRE-CAD REVIEW ONLY
C:E5.FALL,E5.FALL,controls,E5,FALL,17,6,286.5,255.0,bourns-ptv09a-4020f-b103,PRE-CAD REVIEW ONLY
C:A05.ATTEN,A05.ATTEN,controls,A05,ATTEN ±,17,7,286.5,269.0,bourns-ptv09a-4020f-b103,PRE-CAD REVIEW ONLY
C:A05.OFFSET,A05.OFFSET,controls,A05,OFFSET,17,8,286.5,283.0,bourns-ptv09a-4020f-b103,PRE-CAD REVIEW ONLY
C:E6.MODE,E6.MODE,controls,E6,MODE,18,1,303.5,185.0,dailywell-2ms3,PRE-CAD REVIEW ONLY
C:E6.SHAPE,E6.SHAPE,controls,E6,SHAPE,18,2,303.5,199.0,dailywell-2ms1,PRE-CAD REVIEW ONLY
C:E6.STAGE,E6.STAGE,controls,E6,STAGE,18,3,303.5,213.0,dailywell-2ms1,PRE-CAD REVIEW ONLY
C:E6.TRIG,E6.TRIG,controls,E6,TRIG,18,4,303.5,227.0,omron-b3f1020,PRE-CAD REVIEW ONLY
C:E6.RISE,E6.RISE,controls,E6,RISE,18,5,303.5,241.0,bourns-ptv09a-4020f-b103,PRE-CAD REVIEW ONLY
C:E6.FALL,E6.FALL,controls,E6,FALL,18,6,303.5,255.0,bourns-ptv09a-4020f-b103,PRE-CAD REVIEW ONLY
C:A06.ATTEN,A06.ATTEN,controls,A06,ATTEN ±,18,7,303.5,269.0,bourns-ptv09a-4020f-b103,PRE-CAD REVIEW ONLY
C:A06.OFFSET,A06.OFFSET,controls,A06,OFFSET,18,8,303.5,283.0,bourns-ptv09a-4020f-b103,PRE-CAD REVIEW ONLY
C:H1.SAMPLE,H1.SAMPLE,controls,H1,SAMPLE,6,7,99.5,269.0,omron-b3f1020,PRE-CAD REVIEW ONLY
C:X1.SELECT,X1.SELECT,controls,X1,A / B,6,8,99.5,283.0,dailywell-2ms1,PRE-CAD REVIEW ONLY
C:H2.SAMPLE,H2.SAMPLE,controls,H2,SAMPLE,7,7,116.5,269.0,omron-b3f1020,PRE-CAD REVIEW ONLY
C:X2.SELECT,X2.SELECT,controls,X2,A / B,7,8,116.5,283.0,dailywell-2ms1,PRE-CAD REVIEW ONLY
